date,stock_code,buy_count,sell_count,is_top_recommended,is_top_not_recommended,recommended_view_sum,not_recommended_view_sum,return_5d
2026-04-02,0050,1,1,0,0,0,0,0.08992564976754848
2026-04-02,1303,1,0,0,0,0,0,0.11154343248148982
2026-04-02,1519,1,1,0,0,0,0,0.025094102885821833
2026-04-02,1521,1,0,0,0,0,0,0.00814667084133889
2026-04-02,1528,1,0,0,0,0,0,0.07465617137807995
2026-04-02,1582,1,0,0,0,0,0,0.014285714285714285
2026-04-02,1589,0,1,0,0,0,0,
2026-04-02,1717,1,0,0,0,0,0,0.30371558899725476
2026-04-02,1785,2,0,0,0,0,0,0.4415437253078452
2026-04-02,1802,0,1,0,0,0,0,0.21455939845294297
2026-04-02,2049,1,0,0,0,0,0,0.09649122807017543
2026-04-02,2301,0,1,0,0,0,0,0.05862068965517241
2026-04-02,2308,4,1,0,0,0,0,0.21678321678321677
2026-04-02,2313,2,0,0,0,0,0,0.07307692307692308
2026-04-02,2317,4,4,0,0,0,0,0.03626943005181347
2026-04-02,2327,1,0,0,0,0,0,0.23373983739837398
2026-04-02,2330,9,1,0,0,0,0,0.09944751381215469
2026-04-02,2337,3,3,0,0,0,0,0.1434108527131783
2026-04-02,2344,4,5,0,0,0,0,0.028322422523833546
2026-04-02,2345,1,0,0,0,0,0,0.14465408805031446
2026-04-02,2360,1,0,0,0,0,0,0.2247557003257329
2026-04-02,2367,0,1,0,0,0,0,0.03496503496503497
2026-04-02,2368,2,0,0,0,0,0,0.16574585635359115
2026-04-02,2375,1,0,0,0,0,0,0.1790633646450277
2026-04-02,2382,2,1,0,0,0,0,0.12126537785588752
2026-04-02,2383,3,0,0,0,0,0,0.19389587073608616
2026-04-02,2408,5,3,0,0,0,0,0.12468827930174564
2026-04-02,2409,4,0,0,0,0,0,0.06824923397597964
2026-04-02,2426,2,0,0,0,0,0,0.35770237691500545
2026-04-02,2449,0,1,0,0,0,0,0.138996138996139
2026-04-02,2450,1,0,0,0,0,0,0.03270226464334943
2026-04-02,2451,2,1,0,0,0,0,0.05150214592274678
2026-04-02,2454,3,3,0,0,0,0,0.10580204778156997
2026-04-02,2467,1,0,0,0,0,0,0.4005102040816326
2026-04-02,2486,0,1,0,0,0,0,0.30201342281879195
2026-04-02,2492,1,0,0,0,0,0,0.19298245614035087
2026-04-02,2605,1,0,0,0,0,0,-0.029055709082498788
2026-04-02,2609,0,1,0,0,0,0,-0.028790787791386867
2026-04-02,3006,0,1,0,0,0,0,0.059800664451827246
2026-04-02,3015,1,0,0,0,0,0,0.020202020202020204
2026-04-02,3017,2,1,0,0,0,0,0.06280193236714976
2026-04-02,3035,0,1,0,0,0,0,0.07194244604316546
2026-04-02,3037,2,1,0,0,0,0,0.20616570327552985
2026-04-02,3081,2,0,0,0,0,0,0.27123287671232876
2026-04-02,3105,2,0,0,0,0,0,0.21808510638297873
2026-04-02,3131,1,0,0,0,0,0,0.127831715210356
2026-04-02,3163,2,2,0,0,0,0,0.2605042016806723
2026-04-02,3167,1,0,0,0,0,0,0.3782267115600449
2026-04-02,3169,1,0,0,0,0,0,0.01903691926255454
2026-04-02,3189,2,1,0,0,0,0,0.09077380952380952
2026-04-02,3211,1,1,0,0,0,0,0.08283132530120482
2026-04-02,3231,1,4,0,0,0,0,0.076
2026-04-02,3260,2,2,0,0,0,0,0.011065006915629323
2026-04-02,3324,1,1,0,0,0,0,0.03296703296703297
2026-04-02,3339,1,0,0,0,0,0,0.3052361809064812
2026-04-02,3363,2,1,0,0,0,0,0.245
2026-04-02,3376,0,1,0,0,0,0,0.056
2026-04-02,3437,1,0,0,0,0,0,0.12561582464268217
2026-04-02,3443,0,1,0,0,0,0,0.1961206896551724
2026-04-02,3450,0,1,0,0,0,0,0.2842323651452282
2026-04-02,3455,1,0,0,0,0,0,0.3669064748201439
2026-04-02,3481,2,1,0,0,0,0,0.06693710523589261
2026-04-02,3491,2,0,0,0,0,0,0.1939799331103679
2026-04-02,3653,1,1,0,0,0,0,0.09029649595687332
2026-04-02,3661,2,1,0,0,0,0,0.1423290203327172
2026-04-02,3665,2,0,0,0,0,0,0.1618798955613577
2026-04-02,3680,0,1,0,0,0,0,0.017333333333333333
2026-04-02,3702,1,0,0,0,0,0,0.0977272553877397
2026-04-02,3714,1,0,0,0,0,0,0.05535055272639999
2026-04-02,3715,1,0,0,0,0,0,0.08430232558139535
2026-04-02,4526,2,0,0,0,0,0,0.05731516210333767
2026-04-02,4576,1,0,0,0,0,0,0.39080459770114945
2026-04-02,4772,0,1,0,0,0,0,0.0631768953068592
2026-04-02,4906,1,0,0,0,0,0,0.03307886163607419
2026-04-02,4931,1,0,0,0,0,0,0.07662835249042145
2026-04-02,4958,4,0,0,0,0,0,0.20608899297423888
2026-04-02,4967,1,1,0,0,0,0,0.050239234449760764
2026-04-02,4977,1,0,0,0,0,0,0.09269662921348315
2026-04-02,4979,3,1,0,0,0,0,0.2109375
2026-04-02,4991,1,0,0,0,0,0,0.34022988505747126
2026-04-02,5243,2,0,0,0,0,0,0.26467453425272564
2026-04-02,5289,1,1,0,0,0,0,0.18599791013584116
2026-04-02,5351,1,0,0,0,0,0,0.0484115681014661
2026-04-02,5439,1,0,0,0,0,0,0.30018083182640143
2026-04-02,5443,1,1,0,0,0,0,0.1773546734168204
2026-04-02,5475,1,0,0,0,0,0,0.1663286004056795
2026-04-02,6123,1,0,0,0,0,0,-0.028636883305924028
2026-04-02,6125,1,0,0,0,0,0,0.013133222757210261
2026-04-02,6139,0,1,0,0,0,0,0.1708253358925144
2026-04-02,6147,1,1,0,0,0,0,0.3869047619047619
2026-04-02,6173,1,0,0,0,0,0,0.25744316936013695
2026-04-02,6187,1,0,0,0,0,0,0.16201117318435754
2026-04-02,6196,1,0,0,0,0,0,0.13652482269503546
2026-04-02,6213,3,0,0,0,0,0,0.2
2026-04-02,6223,1,1,0,0,0,0,0.20717131474103587
2026-04-02,6239,0,1,0,0,0,0,0.08168316831683169
2026-04-02,6274,3,0,0,0,0,0,0.2898550724637681
2026-04-02,6285,1,0,0,0,0,0,0.3816155988857939
2026-04-02,6409,0,1,0,0,0,0,-0.029769959404600813
2026-04-02,6415,1,0,0,0,0,0,-0.0036496350364963502
2026-04-02,6438,1,0,0,0,0,0,0.06470588235294118
2026-04-02,6442,1,0,0,0,0,0,0.115
2026-04-02,6488,0,1,0,0,0,0,0.21978021978021978
2026-04-02,6509,1,0,0,0,0,0,0.04143333507052277
2026-04-02,6531,0,1,0,0,0,0,0.28863636363636364
2026-04-02,6548,1,0,0,0,0,0,0.13043478260869565
2026-04-02,6588,1,0,0,0,0,0,0.1450381679389313
2026-04-02,6640,2,0,0,0,0,0,0.28
2026-04-02,6664,1,0,0,0,0,0,0.1607898448519041
2026-04-02,6669,0,1,0,0,0,0,0.0689149560117302
2026-04-02,6683,1,0,0,0,0,0,0.27586206896551724
2026-04-02,6706,1,0,0,0,0,0,0.18410041841004185
2026-04-02,6770,1,2,0,0,0,0,0.018691588785046728
2026-04-02,6781,0,1,0,0,0,0,0.03134796238244514
2026-04-02,6831,1,0,0,0,0,0,0.1630012936610608
2026-04-02,8027,1,0,0,0,0,0,-0.061488673139158574
2026-04-02,8039,2,0,0,0,0,0,0.09836065573770492
2026-04-02,8046,4,2,0,0,0,0,0.15316901408450703
2026-04-02,8064,1,0,0,0,0,0,0.25757575757575757
2026-04-02,8069,0,1,0,0,0,0,0.04225352112676056
2026-04-02,8086,1,0,0,0,0,0,0.10358565737051793
2026-04-02,8110,0,3,0,0,0,0,-0.0010266783629826169
2026-04-02,8131,0,1,0,0,0,0,0.06791171301145925
2026-04-02,8150,1,1,0,0,0,0,0.10934745466514931
2026-04-02,8210,0,1,0,0,0,0,0.07015457788347206
2026-04-02,8215,1,0,0,0,0,0,0.05785122208236751
2026-04-02,8271,1,1,0,0,0,0,0.07216494845360824
2026-04-02,8299,3,2,0,0,0,0,0.10610932475884244
2026-04-02,8358,1,1,0,0,0,0,0.24782608695652175
2026-04-02,8996,3,0,0,0,0,0,0.2644341801385681
2026-04-03,0050,1,0,0,0,0,0,
2026-04-03,1303,0,1,0,0,0,0,
2026-04-03,1309,1,0,0,0,0,0,
2026-04-03,1802,0,1,0,0,0,0,
2026-04-03,1815,0,1,0,0,0,0,
2026-04-03,2303,1,0,0,0,0,0,
2026-04-03,2308,1,1,0,0,0,0,
2026-04-03,2317,3,1,0,0,0,0,
2026-04-03,2327,1,0,0,0,0,0,
2026-04-03,2330,2,0,0,0,0,0,
2026-04-03,2337,1,1,0,0,0,0,
2026-04-03,2344,2,2,0,0,0,0,
2026-04-03,2368,1,0,0,0,0,0,
2026-04-03,2382,1,1,0,0,0,0,
2026-04-03,2383,1,0,0,0,0,0,
2026-04-03,2408,1,3,0,0,0,0,
2026-04-03,2409,2,0,0,0,0,0,
2026-04-03,2421,0,1,0,0,0,0,
2026-04-03,2449,0,1,0,0,0,0,
2026-04-03,2454,4,1,0,0,0,0,
2026-04-03,2492,1,0,0,0,0,0,
2026-04-03,3006,0,2,0,0,0,0,
2026-04-03,3037,1,1,0,0,0,0,
2026-04-03,3081,1,0,0,0,0,0,
2026-04-03,3163,2,0,0,0,0,0,
2026-04-03,3189,1,0,0,0,0,0,
2026-04-03,3231,0,1,0,0,0,0,
2026-04-03,3260,0,1,0,0,0,0,
2026-04-03,3324,0,1,0,0,0,0,
2026-04-03,3481,1,1,0,0,0,0,
2026-04-03,3653,0,1,0,0,0,0,
2026-04-03,3665,1,0,0,0,0,0,
2026-04-03,3711,0,1,0,0,0,0,
2026-04-03,3714,0,1,0,0,0,0,
2026-04-03,4958,2,0,0,0,0,0,
2026-04-03,4979,1,0,0,0,0,0,
2026-04-03,5243,0,1,0,0,0,0,
2026-04-03,5443,0,1,0,0,0,0,
2026-04-03,6116,0,1,0,0,0,0,
2026-04-03,6147,1,0,0,0,0,0,
2026-04-03,6173,1,0,0,0,0,0,
2026-04-03,6213,1,0,0,0,0,0,
2026-04-03,6223,0,1,0,0,0,0,
2026-04-03,6415,1,0,0,0,0,0,
2026-04-03,6438,1,0,0,0,0,0,
2026-04-03,6442,1,0,0,0,0,0,
2026-04-03,6515,0,1,0,0,0,0,
2026-04-03,6770,0,2,0,0,0,0,
2026-04-03,8046,1,0,0,0,0,0,
2026-04-03,8110,0,1,0,0,0,0,
2026-04-03,8299,2,1,0,0,0,0,
2026-04-03,8358,0,1,0,0,0,0,
2026-04-06,6188,0,1,0,1,0,24652,
2026-04-06,6290,0,1,0,1,0,24652,
2026-04-06,8358,0,1,0,1,0,24652,
2026-04-07,1303,1,0,1,0,0,0,
2026-04-07,1785,1,0,1,0,20052,0,
2026-04-07,2049,1,0,1,0,0,0,
2026-04-07,2313,1,0,1,0,0,0,
2026-04-07,2317,1,0,1,0,20052,0,
2026-04-07,2330,1,0,0,0,17688,0,
2026-04-07,2337,1,1,0,1,0,17688,
2026-04-07,2344,1,0,0,0,0,0,
2026-04-07,2367,1,0,0,0,0,0,
2026-04-07,2368,1,0,0,0,0,0,
2026-04-07,2383,1,0,0,0,0,0,
2026-04-07,2405,0,1,0,1,0,17688,
2026-04-07,2408,2,1,1,1,21998,17688,
2026-04-07,2409,1,1,0,1,0,20052,
2026-04-07,2426,1,0,0,0,0,0,
2026-04-07,2451,1,0,0,0,0,0,
2026-04-07,2467,1,0,0,0,0,0,
2026-04-07,2481,1,0,0,0,0,0,
2026-04-07,3006,1,0,0,0,0,0,
2026-04-07,3017,1,0,0,0,0,0,
2026-04-07,3037,1,0,0,0,0,0,
2026-04-07,3081,1,0,0,0,0,0,
2026-04-07,3105,2,0,1,0,0,0,
2026-04-07,3131,1,0,0,0,0,0,
2026-04-07,3163,1,0,0,0,0,0,
2026-04-07,3189,1,0,0,0,0,0,
2026-04-07,3211,1,0,0,0,0,0,
2026-04-07,3231,1,0,0,0,20052,0,
2026-04-07,3260,1,0,0,0,0,0,
2026-04-07,3324,1,0,0,0,0,0,
2026-04-07,3339,1,0,0,0,0,0,
2026-04-07,3363,1,0,0,0,0,0,
2026-04-07,3437,1,0,0,0,0,0,
2026-04-07,3481,1,0,0,0,0,0,
2026-04-07,3490,1,0,0,0,20052,0,
2026-04-07,3491,2,0,1,0,0,0,
2026-04-07,3498,1,0,0,0,0,0,
2026-04-07,3653,1,0,0,0,0,0,
2026-04-07,3714,1,0,0,0,0,0,
2026-04-07,4510,1,0,0,0,0,0,
2026-04-07,4526,1,0,0,0,0,0,
2026-04-07,4576,1,0,0,0,0,0,
2026-04-07,4967,1,0,0,0,0,0,
2026-04-07,4971,1,0,0,0,0,0,
2026-04-07,4979,1,0,0,0,0,0,
2026-04-07,5289,1,0,0,0,0,0,
2026-04-07,5443,1,0,0,0,0,0,
2026-04-07,5475,1,0,0,0,0,0,
2026-04-07,6116,0,1,0,1,0,20052,
2026-04-07,6147,1,0,0,0,0,0,
2026-04-07,6187,2,0,1,0,19634,0,
2026-04-07,6196,1,0,0,0,0,0,
2026-04-07,6223,1,0,0,0,0,0,
2026-04-07,6274,1,0,0,0,0,0,
2026-04-07,6285,1,0,0,0,0,0,
2026-04-07,6438,1,0,0,0,0,0,
2026-04-07,6510,1,0,0,0,0,0,
2026-04-07,6515,1,0,0,0,0,0,
2026-04-07,6531,1,0,0,0,0,0,
2026-04-07,6588,1,0,0,0,0,0,
2026-04-07,6640,2,0,1,0,19634,0,
2026-04-07,6669,1,0,0,0,20052,0,
2026-04-07,6770,1,1,0,1,0,17688,
2026-04-07,8028,1,0,0,0,0,0,
2026-04-07,8046,1,0,0,0,0,0,
2026-04-07,8110,0,1,0,1,0,17688,
2026-04-07,8147,1,0,0,0,0,0,
2026-04-07,8215,1,0,0,0,0,0,
2026-04-07,8271,1,0,0,0,0,0,
2026-04-07,8299,0,1,0,1,0,17688,
2026-04-07,8358,1,0,0,0,20052,0,
2026-04-07,8996,1,0,0,0,0,0,
2026-04-08,0056,0,1,0,1,0,0,
2026-04-08,00878,0,1,0,1,0,0,
2026-04-08,2303,1,0,0,0,83117,0,
2026-04-08,2308,2,1,1,1,0,0,
2026-04-08,2317,2,1,1,1,113326,0,
2026-04-08,2330,2,1,1,1,113326,0,
2026-04-08,2337,0,1,0,0,0,83117,
2026-04-08,2344,2,1,1,1,0,157585,
2026-04-08,2345,1,0,0,0,0,0,
2026-04-08,2360,1,0,0,0,0,0,
2026-04-08,2382,2,1,1,0,113326,0,
2026-04-08,2383,2,0,1,0,0,0,
2026-04-08,2408,1,2,0,1,0,175013,
2026-04-08,2409,0,1,0,0,0,83117,
2026-04-08,2454,2,1,1,0,0,0,
2026-04-08,2455,1,0,0,0,0,0,
2026-04-08,2481,1,0,0,0,0,0,
2026-04-08,3008,1,0,0,0,91906,0,
2026-04-08,3016,0,1,0,0,0,83117,
2026-04-08,3017,1,0,0,0,0,0,
2026-04-08,3034,1,0,0,0,83117,0,
2026-04-08,3037,2,1,1,1,0,128510,
2026-04-08,3081,1,0,0,0,0,0,
2026-04-08,3105,2,0,1,0,0,0,
2026-04-08,3131,1,0,0,0,0,0,
2026-04-08,3163,1,1,0,0,0,83117,
2026-04-08,3167,1,0,0,0,0,0,
2026-04-08,3189,1,1,0,1,0,128510,
2026-04-08,3231,1,1,0,0,0,0,
2026-04-08,3260,0,1,0,0,0,83117,
2026-04-08,3363,1,0,0,0,0,0,
2026-04-08,3376,1,0,0,0,91906,0,
2026-04-08,3406,1,0,0,0,0,0,
2026-04-08,3450,1,0,0,0,0,0,
2026-04-08,3481,0,1,0,0,0,0,
2026-04-08,3545,1,0,0,0,0,0,
2026-04-08,3661,1,0,0,0,0,0,
2026-04-08,3665,1,0,0,0,0,0,
2026-04-08,3673,1,0,0,0,91906,0,
2026-04-08,4958,1,0,0,0,91906,0,
2026-04-08,4961,1,0,0,0,0,0,
2026-04-08,4977,1,0,0,0,0,0,
2026-04-08,4979,1,0,0,0,0,0,
2026-04-08,4991,1,0,0,0,0,0,
2026-04-08,5347,1,0,0,0,0,0,
2026-04-08,6147,1,1,0,0,0,0,
2026-04-08,6187,2,0,1,0,0,0,
2026-04-08,6213,2,0,0,0,0,0,
2026-04-08,6217,1,0,0,0,0,0,
2026-04-08,6239,0,1,0,0,0,0,
2026-04-08,6274,2,0,0,0,0,0,
2026-04-08,6426,1,0,0,0,0,0,
2026-04-08,6438,1,0,0,0,0,0,
2026-04-08,6442,2,0,0,0,0,0,
2026-04-08,6451,1,0,0,0,0,0,
2026-04-08,6456,1,0,0,0,91906,0,
2026-04-08,6531,1,0,0,0,0,0,
2026-04-08,6640,1,0,0,0,0,0,
2026-04-08,6669,1,0,0,0,0,0,
2026-04-08,6770,0,2,0,1,0,157585,
2026-04-08,6805,1,0,0,0,0,0,
2026-04-08,8016,1,0,0,0,0,0,
2026-04-08,8046,1,1,0,0,0,0,
2026-04-08,8064,1,0,0,0,0,0,
2026-04-08,8086,1,0,0,0,0,0,
2026-04-08,8271,0,1,0,0,0,0,
2026-04-08,8299,0,1,0,0,0,0,
2026-04-08,8358,1,0,0,0,0,0,
2026-04-08,8996,1,0,0,0,0,0,
2026-04-09,0050,2,0,1,0,96570,0,
2026-04-09,1303,1,0,0,0,0,0,
2026-04-09,1785,1,0,0,0,0,0,
2026-04-09,1815,1,0,0,0,0,0,
2026-04-09,2301,0,1,0,1,0,0,
2026-04-09,2303,1,0,0,0,0,0,
2026-04-09,2308,3,1,1,1,83042,0,
2026-04-09,2317,3,1,1,1,114748,70192,
2026-04-09,2327,1,0,0,0,0,0,
2026-04-09,2330,4,0,1,0,139533,0,
2026-04-09,2337,3,0,1,1,108863,0,
2026-04-09,2344,3,1,1,1,166762,0,
2026-04-09,2382,3,1,1,1,114748,70192,
2026-04-09,2383,2,0,1,0,0,0,
2026-04-09,2408,1,1,0,1,0,0,
2026-04-09,2409,1,0,0,0,0,0,
2026-04-09,2421,0,1,0,0,0,0,
2026-04-09,2449,1,0,0,0,0,0,
2026-04-09,2454,3,0,1,0,124602,0,
2026-04-09,2481,1,0,0,0,0,0,
2026-04-09,2492,1,0,0,0,0,0,
2026-04-09,2609,0,1,0,0,0,76077,
2026-04-09,2615,0,1,0,0,0,76077,
2026-04-09,3008,1,0,0,0,0,0,
2026-04-09,3017,1,0,0,0,0,0,
2026-04-09,3034,1,0,0,0,0,0,
2026-04-09,3037,2,2,1,1,85363,94255,
2026-04-09,3105,1,0,0,0,0,0,
2026-04-09,3131,1,1,0,0,0,0,
2026-04-09,3163,0,2,0,1,0,65556,
2026-04-09,3167,1,0,0,0,0,0,
2026-04-09,3189,1,3,0,1,0,109426,
2026-04-09,3231,2,1,0,0,96570,70192,
2026-04-09,3260,1,1,0,0,0,27792,
2026-04-09,3363,0,1,0,0,0,0,
2026-04-09,3376,1,0,0,0,0,0,
2026-04-09,3455,1,0,0,0,0,0,
2026-04-09,3481,1,0,0,0,0,0,
2026-04-09,3491,1,0,0,0,0,0,
2026-04-09,3535,1,0,0,0,0,0,
2026-04-09,3545,1,0,0,0,0,0,
2026-04-09,3580,1,0,0,0,0,0,
2026-04-09,3583,0,1,0,0,0,0,
2026-04-09,3653,1,0,0,0,0,0,
2026-04-09,3661,1,0,0,0,0,0,
2026-04-09,3663,1,0,0,0,0,0,
2026-04-09,3673,1,0,0,0,0,0,
2026-04-09,3693,1,0,0,0,0,0,
2026-04-09,3711,1,0,0,0,0,0,
2026-04-09,4958,2,0,0,0,0,0,
2026-04-09,4961,1,0,0,0,0,0,
2026-04-09,4967,0,1,0,0,0,27792,
2026-04-09,5289,1,0,0,0,0,0,
2026-04-09,5347,2,0,0,0,0,0,
2026-04-09,6147,0,1,0,0,0,0,
2026-04-09,6187,1,1,0,0,0,0,
2026-04-09,6213,1,0,0,0,0,0,
2026-04-09,6217,1,0,0,0,0,0,
2026-04-09,6223,1,0,0,0,0,0,
2026-04-09,6239,1,0,0,0,0,0,
2026-04-09,6274,2,0,0,0,0,0,
2026-04-09,6285,1,0,0,0,0,0,
2026-04-09,6415,1,0,0,0,0,0,
2026-04-09,6438,1,0,0,0,0,0,
2026-04-09,6515,1,1,0,0,0,0,
2026-04-09,6640,1,0,0,0,0,0,
2026-04-09,6669,1,0,0,0,0,0,
2026-04-09,6770,1,1,0,0,0,0,
2026-04-09,8016,1,0,0,0,0,0,
2026-04-09,8046,1,1,0,0,0,0,
2026-04-09,8064,2,0,0,0,0,0,
2026-04-09,8299,1,0,0,0,0,0,
2026-04-09,8358,1,0,0,0,0,0,
2026-04-09,8996,1,0,0,0,0,0,
2026-04-10,0050,1,0,0,0,0,0,
2026-04-10,0056,0,1,0,1,0,0,
2026-04-10,00878,0,1,0,1,0,0,
2026-04-10,1303,1,0,0,0,0,0,
2026-04-10,1717,1,0,0,0,0,0,
2026-04-10,1721,1,0,0,0,0,0,
2026-04-10,1727,1,0,0,0,0,0,
2026-04-10,1785,1,0,0,0,0,0,
2026-04-10,1802,1,0,0,0,0,0,
2026-04-10,2303,1,0,0,0,0,0,
2026-04-10,2308,2,0,1,0,0,0,
2026-04-10,2317,4,1,1,1,146227,0,
2026-04-10,2330,4,0,1,0,131804,0,
2026-04-10,2337,1,4,0,1,0,187063,
2026-04-10,2344,1,3,0,1,0,160660,
2026-04-10,2360,1,0,0,0,0,0,
2026-04-10,2368,1,0,0,0,0,0,
2026-04-10,2371,1,0,0,0,0,0,
2026-04-10,2382,3,0,1,0,152765,0,
2026-04-10,2383,2,1,1,0,0,83545,
2026-04-10,2408,1,4,0,1,0,187063,
2026-04-10,2409,2,0,1,0,106200,0,
2026-04-10,2426,1,0,0,0,0,0,
2026-04-10,2451,0,1,0,0,0,0,
2026-04-10,2454,2,0,1,0,99362,0,
2026-04-10,2467,1,0,0,0,0,0,
2026-04-10,2486,1,0,0,0,0,0,
2026-04-10,3006,0,2,0,1,0,133089,
2026-04-10,3017,2,0,1,0,0,0,
2026-04-10,3037,1,1,0,0,0,0,
2026-04-10,3131,1,1,0,0,0,83545,
2026-04-10,3163,1,1,0,0,0,0,
2026-04-10,3167,1,0,0,0,0,0,
2026-04-10,3189,1,0,0,0,0,0,
2026-04-10,3231,1,0,0,0,0,0,
2026-04-10,3260,0,2,0,1,0,140984,
2026-04-10,3363,0,1,0,0,0,0,
2026-04-10,3376,1,0,0,0,0,0,
2026-04-10,3455,1,0,0,0,0,0,
2026-04-10,3481,2,0,1,0,114095,0,
2026-04-10,3563,1,0,0,0,0,0,
2026-04-10,3580,1,0,0,0,0,0,
2026-04-10,3583,1,1,0,0,0,0,
2026-04-10,3653,1,0,0,0,0,0,
2026-04-10,3663,1,0,0,0,0,0,
2026-04-10,3665,1,0,0,0,0,0,
2026-04-10,3673,1,0,0,0,0,0,
2026-04-10,3714,1,0,0,0,0,0,
2026-04-10,4526,1,0,0,0,0,0,
2026-04-10,4576,1,0,0,0,0,0,
2026-04-10,4958,2,0,1,0,114095,0,
2026-04-10,5243,1,0,0,0,0,0,
2026-04-10,5289,1,0,0,0,0,0,
2026-04-10,5347,1,0,0,0,0,0,
2026-04-10,5443,2,0,0,0,95326,0,
2026-04-10,6104,1,0,0,0,0,0,
2026-04-10,6116,1,0,0,0,0,0,
2026-04-10,6187,0,1,0,0,0,83545,
2026-04-10,6189,0,1,0,0,0,0,
2026-04-10,6213,2,1,0,0,0,0,
2026-04-10,6223,1,1,0,0,0,0,
2026-04-10,6274,2,1,0,0,0,0,
2026-04-10,6415,1,0,0,0,0,0,
2026-04-10,6438,1,0,0,0,0,0,
2026-04-10,6510,1,0,0,0,0,0,
2026-04-10,6515,1,0,0,0,0,0,
2026-04-10,6640,2,0,0,0,95326,0,
2026-04-10,6669,1,0,0,0,0,0,
2026-04-10,6770,0,3,0,1,0,160660,
2026-04-10,6805,1,0,0,0,0,0,
2026-04-10,8028,1,0,0,0,0,0,
2026-04-10,8046,0,1,0,0,0,0,
2026-04-10,8064,2,0,0,0,95326,0,
2026-04-10,8299,0,2,0,1,0,95326,
2026-04-10,8996,2,0,0,0,0,0,
2026-04-13,1597,1,0,1,0,0,0,
2026-04-13,1711,1,0,1,0,0,0,
2026-04-13,1785,1,0,1,0,29311,0,
2026-04-13,1815,1,0,1,0,29311,0,
2026-04-13,2049,1,0,1,0,0,0,
2026-04-13,2317,2,1,1,1,16284,16328,
2026-04-13,2337,0,1,0,1,0,12693,
2026-04-13,2344,0,2,0,1,0,29021,
2026-04-13,2382,1,1,0,1,0,16328,
2026-04-13,2408,0,2,0,1,0,29021,
2026-04-13,2409,1,0,0,0,0,0,
2026-04-13,2426,1,0,0,0,0,0,
2026-04-13,2454,1,0,0,0,0,0,
2026-04-13,2467,1,0,0,0,0,0,
2026-04-13,2489,1,0,0,0,0,0,
2026-04-13,3006,0,1,0,1,0,0,
2026-04-13,3008,1,0,0,0,0,0,
2026-04-13,3031,1,0,0,0,0,0,
2026-04-13,3034,1,0,0,0,0,0,
2026-04-13,3037,1,0,0,0,0,0,
2026-04-13,3081,1,0,0,0,0,0,
2026-04-13,3131,1,0,0,0,0,0,
2026-04-13,3163,1,0,0,0,0,0,
2026-04-13,3231,1,1,0,1,0,16328,
2026-04-13,3260,0,1,0,1,0,0,
2026-04-13,3363,1,0,0,0,0,0,
2026-04-13,3376,1,0,0,0,0,0,
2026-04-13,3437,1,0,0,0,0,0,
2026-04-13,3443,1,0,0,0,0,0,
2026-04-13,3481,2,0,1,0,14683,0,
2026-04-13,3491,1,0,0,0,29311,0,
2026-04-13,3498,1,0,0,0,0,0,
2026-04-13,3532,1,0,0,0,0,0,
2026-04-13,3535,1,0,0,0,0,0,
2026-04-13,3580,1,0,0,0,0,0,
2026-04-13,3583,2,0,1,0,14683,0,
2026-04-13,3661,1,1,0,1,0,29311,
2026-04-13,3663,1,0,0,0,0,0,
2026-04-13,3673,1,0,0,0,0,0,
2026-04-13,4576,1,0,0,0,0,0,
2026-04-13,4915,1,0,0,0,0,0,
2026-04-13,4958,1,0,0,0,0,0,
2026-04-13,4967,0,1,0,0,0,0,
2026-04-13,5439,1,0,0,0,0,0,
2026-04-13,5443,1,0,0,0,0,0,
2026-04-13,6187,2,0,1,0,14683,0,
2026-04-13,6217,1,0,0,0,29311,0,
2026-04-13,6227,1,0,0,0,29311,0,
2026-04-13,6442,2,0,1,0,31301,0,
2026-04-13,6488,1,0,0,0,0,0,
2026-04-13,6640,1,0,0,0,0,0,
2026-04-13,6669,0,1,0,0,0,16328,
2026-04-13,6770,0,2,0,1,0,29021,
2026-04-13,6789,1,0,0,0,0,0,
2026-04-13,8064,1,0,0,0,0,0,
2026-04-13,8299,0,1,0,0,0,0,
2026-04-13,8358,1,0,0,0,0,0,
2026-04-13,8996,0,1,0,0,0,29311,
